id;contact_name;address_1;address_2;address_3;address_4;address_5;address_6;dial_code;phone_number;messenger_id;date_added;in_active;in_active_date
1;Manager Solutions;Colorado seamless quantifying;Avon Direct;visualize magnetic Caribbean;Practical;object-oriented Account pink;leading-edge parsing Metal;bypass;Enterprise-wide;neural-net Concrete;2021-07-18T02:59:38;false;2021-07-18T07:33:15
2;architect Incredible Granite;Executive;Factors Handmade Direct;Martinique;Security heuristic;Home Upgradable;navigate;interface;withdrawal Chad;Frozen Bulgaria Rustic;2021-07-18T13:32:01;true;2021-07-18T12:46:12
3;Steel methodical Summit;application Metal;Idaho Tools payment;Hat Corporate Ball;Market Producer;Generic;Markets invoice Mobility;Steel Applications;pink virtual;program;2021-07-18T00:57:39;false;2021-07-18T20:01:56
4;Ball Plastic Handcrafted;Borders Street;Metal Franc 24/7;payment dynamic Iraqi;alarm;Steel Balanced;New;Intelligent Architect Via;Metal Orchard;Costa Shoes;2021-07-18T15:16:32;true;2021-07-18T22:23:28
5;gold killer Incredible;Legacy RSS overriding;programming full-range;Sleek;open-source sensor;non-volatile Borders Garden;Automotive;Investment Refined Chief;HTTP;cohesive Bacon Island;2021-07-18T20:46:33;true;2021-07-18T08:26:10
6;vertical Kentucky Customizable;Intelligent Fantastic alarm;Web Dynamic;Granite;upward-trending Specialist;District Bond;Bedfordshire;magenta;Metal PNG;payment Auto Kentucky;2021-07-18T11:50:41;true;2021-07-18T19:37:06
7;Florida strategy black;bus;flexibility Concrete;Idaho productize;Architect cyan Program;indigo Nevada;Kentucky Analyst;Table Plastic world-class;Missouri;synergistic Borders calculating;2021-07-18T14:34:55;true;2021-07-18T17:05:10
8;Democratic;open-source maroon deposit;program;Awesome pixel;Awesome interface Taiwan;mesh Hat withdrawal;info-mediaries;Metal;XML analyzer;hybrid Norway;2021-07-18T09:12:53;false;2021-07-18T14:29:21
9;blue payment withdrawal;Ghana;Berkshire innovate Handmade;Colorado Plastic Cheese;e-markets supply-chains Summit;parse Manor;Buckinghamshire SCSI hack;Factors;Buckinghamshire;mesh;2021-07-18T11:17:36;true;2021-07-18T13:00:31
10;Lake Kuna;Concrete;Market;frame;initiatives Refined invoice;capacitor reboot;Plastic;Salad;Plastic;Proactive;2021-07-18T11:35:28;true;2021-07-18T18:24:17
